<?xml version="1.0" encoding="UTF-8"?>
<project-private xmlns="http://www.netbeans.org/ns/project-private/1">
    <editor-bookmarks xmlns="http://www.netbeans.org/ns/editor-bookmarks/2" lastBookmarkId="0"/>
    <open-files xmlns="http://www.netbeans.org/ns/projectui-open-files/2">
        <group>
            <file>file:/D:/project/Niit_Repurches_System/web/Rep_Subject.jsp</file>
            <file>file:/D:/project/Niit_Repurches_System/web/Rep_Faculity.jsp</file>
            <file>file:/D:/project/Niit_Repurches_System/web/Rep_View_Sub_Fac.jsp</file>
            <file>file:/D:/project/Niit_Repurches_System/src/java/JavaPack/JavaClass.java</file>
            <file>file:/D:/project/Niit_Repurches_System/web/Logout.jsp</file>
            <file>file:/D:/project/Niit_Repurches_System/web/Std_Edu.jsp</file>
            <file>file:/D:/project/Niit_Repurches_System/web/Std_Course_2.jsp</file>
            <file>file:/D:/project/Niit_Repurches_System/web/Std_Course.jsp</file>
            <file>file:/D:/project/Niit_Repurches_System/web/Temp1.jsp</file>
            <file>file:/D:/project/Niit_Repurches_System/web/Std_Status.jsp</file>
            <file>file:/D:/project/Niit_Repurches_System/web/Home_Admin.jsp</file>
            <file>file:/D:/project/Niit_Repurches_System/web/Std_Status_Delete.jsp</file>
            <file>file:/D:/project/Niit_Repurches_System/web/Rep_View_Subject.jsp</file>
            <file>file:/D:/project/Niit_Repurches_System/web/Std_Edu_3.jsp</file>
            <file>file:/D:/project/Niit_Repurches_System/web/S_feedback2.jsp</file>
            <file>file:/D:/project/Niit_Repurches_System/web/Std_ViewDetaisl.jsp</file>
            <file>file:/D:/project/Niit_Repurches_System/web/S_feedack.jsp</file>
            <file>file:/D:/project/Niit_Repurches_System/web/Fac_forgotPswd.jsp</file>
            <file>file:/D:/project/Niit_Repurches_System/web/Rep_Sid.jsp</file>
            <file>file:/D:/project/Niit_Repurches_System/web/Std_Edu_2.jsp</file>
            <file>file:/D:/project/Niit_Repurches_System/web/Std_Add.jsp</file>
            <file>file:/D:/project/Niit_Repurches_System/web/index.jsp</file>
            <file>file:/D:/project/Niit_Repurches_System/web/css/Custom.css</file>
            <file>file:/D:/project/Niit_Repurches_System/web/Rep_View_Teacher.jsp</file>
            <file>file:/D:/project/Niit_Repurches_System/web/Fac_Add.jsp</file>
            <file>file:/D:/project/Niit_Repurches_System/web/Fac_view.jsp</file>
            <file>file:/D:/project/Niit_Repurches_System/web/Rep_Sub_Fac.jsp</file>
            <file>file:/D:/project/Niit_Repurches_System/web/Fac_PswdRetrive.jsp</file>
            <file>file:/D:/project/Niit_Repurches_System/web/Std_Course_3.jsp</file>
        </group>
    </open-files>
</project-private>
